table,must_obtain_from,is_holding_for
1,T02 (V4); T03 (V5); T04 (V6),T10 (V4); T09 (V5); T08 (V6)
2,T03 (V4); T04 (V5); T05 (V6),T01 (V4); T10 (V5); T09 (V6)
3,T04 (V4); T05 (V5); T06 (V6),T02 (V4); T01 (V5); T10 (V6)
4,T05 (V4); T06 (V5); T07 (V6),T03 (V4); T02 (V5); T01 (V6)
5,T06 (V4); T07 (V5); T08 (V6),T04 (V4); T03 (V5); T02 (V6)
6,T07 (V4); T08 (V5); T09 (V6),T05 (V4); T04 (V5); T03 (V6)
7,T08 (V4); T09 (V5); T10 (V6),T06 (V4); T05 (V5); T04 (V6)
8,T09 (V4); T10 (V5); T01 (V6),T07 (V4); T06 (V5); T05 (V6)
9,T10 (V4); T01 (V5); T02 (V6),T08 (V4); T07 (V5); T06 (V6)
10,T01 (V4); T02 (V5); T03 (V6),T09 (V4); T08 (V5); T07 (V6)
